<?xml version="1.0" encoding="UTF-8"?><toc xmlns:toc="http://www.oxygenxml.com/ns/webhelp/toc" xmlns="http://www.oxygenxml.com/ns/webhelp/toc" xmlns:xhtml="http://www.w3.org/1999/xhtml"><title><span xmlns="http://www.w3.org/1999/xhtml" class="title">DSE Bulk Loader for DataStax Enterprise 6.0</span></title><topic href="dsbulk/dsbulkAbout.html" wh-toc-id="tocId-d41e11"><title>About DataStax Enterprise (DSE) Bulk Loader - dsbulk</title><shortdesc><p xmlns="http://www.w3.org/1999/xhtml" class="shortdesc">Introduction to the DSE Bulk Loader tool.</p>
</shortdesc><topicmeta><navtitle class="- topic/navtitle ">About DataStax Enterprise (DSE) Bulk Loader - dsbulk</navtitle><?ditaot gentext?><linktext class="- map/linktext ">About DataStax Enterprise (DSE) Bulk Loader - dsbulk</linktext><?ditaot genshortdesc?><shortdesc class="- map/shortdesc ">Introduction to the DSE Bulk Loader tool.</shortdesc></topicmeta></topic><topic href="dsbulk/RNdsbulk.html" wh-toc-id="tocId-d41e22"><title>Release notes</title><shortdesc><p xmlns="http://www.w3.org/1999/xhtml" class="shortdesc">DSE Bulk Loader dsbulk release notes cover tool requirements, upgrade guidance,   components, changes and enhancements, issues, and resolved issues for dsbulk.</p>
</shortdesc><topicmeta><navtitle class="- topic/navtitle ">Release notes</navtitle><?ditaot gentext?><linktext class="- map/linktext ">DataStax Enterprise (DSE) Bulk Loader dsbulk release notes</linktext><?ditaot genshortdesc?><shortdesc class="- map/shortdesc ">DSE Bulk Loader dsbulk release notes cover tool requirements, upgrade guidance,   components, changes and enhancements, issues, and resolved issues for dsbulk.</shortdesc></topicmeta></topic><topic href="dsbulk/getStartedDsbulk.html" wh-toc-id="tocId-d41e33"><title>Getting Started</title><shortdesc><p xmlns="http://www.w3.org/1999/xhtml" class="shortdesc">Getting Started with dsbulk</p>
</shortdesc><topicmeta><navtitle class="- topic/navtitle ">Getting Started</navtitle><?ditaot gentext?><linktext class="- map/linktext ">Getting Started</linktext><?ditaot genshortdesc?><shortdesc class="- map/shortdesc ">Getting Started with dsbulk</shortdesc></topicmeta></topic><topic href="dsbulk/dsbulkRef.html" wh-toc-id="tocId-d41e44"><title>dsbulk reference</title><shortdesc><p xmlns="http://www.w3.org/1999/xhtml" class="shortdesc">Reference for dsbulk and all options.</p>
</shortdesc><topicmeta><navtitle class="- topic/navtitle ">dsbulk reference</navtitle><?ditaot gentext?><linktext class="- map/linktext ">dsbulk reference</linktext><?ditaot genshortdesc?><shortdesc class="- map/shortdesc ">Reference for dsbulk and all options.</shortdesc></topicmeta><topic href="dsbulk/reference/dsbulkCmd.html#ref_ds_wdn_yk1_xbb" chunk="to-content" wh-toc-id="tocId-d41e54"><title>dsbulk</title><shortdesc><p xmlns="http://www.w3.org/1999/xhtml" class="shortdesc">Bulk loading and unloading tool for DSE</p>
</shortdesc><topicmeta><navtitle class="- topic/navtitle ">dsbulk</navtitle><?ditaot gentext?><linktext class="- map/linktext ">dsbulk</linktext><?ditaot genshortdesc?><shortdesc class="- map/shortdesc ">Bulk loading and unloading tool for DSE</shortdesc></topicmeta><topic href="dsbulk/reference/dsbulkCmd.html#loadTOC" wh-toc-id="tocId-d41e64"><title>Loading data examples</title><shortdesc><p xmlns="http://www.w3.org/1999/xhtml" class="shortdesc">Examples of loading data using dsbulk</p>
</shortdesc><topicmeta><navtitle class="- topic/navtitle ">Loading data examples</navtitle><?ditaot gentext?><linktext class="- map/linktext ">Loading data examples</linktext><?ditaot genshortdesc?><shortdesc class="- map/shortdesc ">Examples of loading data using dsbulk</shortdesc></topicmeta></topic><topic href="dsbulk/reference/dsbulkCmd.html#dsbulkUnload" wh-toc-id="tocId-d41e74"><title>Unloading data examples</title><shortdesc><p xmlns="http://www.w3.org/1999/xhtml" class="shortdesc">Examples of unloading data using dsbulk</p>
</shortdesc><topicmeta><navtitle class="- topic/navtitle ">Unloading data examples</navtitle><?ditaot gentext?><linktext class="- map/linktext ">Unloading data examples</linktext><?ditaot genshortdesc?><shortdesc class="- map/shortdesc ">Examples of unloading data using dsbulk</shortdesc></topicmeta></topic></topic><topic href="dsbulk/reference/commonOptions.html" wh-toc-id="tocId-d41e84"><title>Common options</title><shortdesc><p xmlns="http://www.w3.org/1999/xhtml" class="shortdesc">Common options for the dsbulk command</p>
</shortdesc><topicmeta><navtitle class="- topic/navtitle ">Common options</navtitle><?ditaot gentext?><linktext class="- map/linktext ">Common options</linktext><?ditaot genshortdesc?><shortdesc class="- map/shortdesc ">Common options for the dsbulk command</shortdesc></topicmeta></topic><topic href="dsbulk/reference/connectorOptions.html" wh-toc-id="tocId-d41e94"><title>Connector options</title><shortdesc><p xmlns="http://www.w3.org/1999/xhtml" class="shortdesc">Connector options for the dsbulk command</p>
</shortdesc><topicmeta><navtitle class="- topic/navtitle ">Connector options</navtitle><?ditaot gentext?><linktext class="- map/linktext ">Connector options</linktext><?ditaot genshortdesc?><shortdesc class="- map/shortdesc ">Connector options for the dsbulk command</shortdesc></topicmeta></topic><topic href="dsbulk/reference/schemaOptions.html" wh-toc-id="tocId-d41e104"><title>Schema options</title><shortdesc><p xmlns="http://www.w3.org/1999/xhtml" class="shortdesc">Schema options for the dsbulk command</p>
</shortdesc><topicmeta><navtitle class="- topic/navtitle ">Schema options</navtitle><?ditaot gentext?><linktext class="- map/linktext ">Schema options</linktext><?ditaot genshortdesc?><shortdesc class="- map/shortdesc ">Schema options for the dsbulk command</shortdesc></topicmeta></topic><topic href="dsbulk/reference/batchOptions.html" wh-toc-id="tocId-d41e114"><title>Batch options</title><shortdesc><p xmlns="http://www.w3.org/1999/xhtml" class="shortdesc">Batch options for the dsbulk command</p>
</shortdesc><topicmeta><navtitle class="- topic/navtitle ">Batch options</navtitle><?ditaot gentext?><linktext class="- map/linktext ">Batch options</linktext><?ditaot genshortdesc?><shortdesc class="- map/shortdesc ">Batch options for the dsbulk command</shortdesc></topicmeta></topic><topic href="dsbulk/reference/codecOptions.html" wh-toc-id="tocId-d41e124"><title>Codec options</title><shortdesc><p xmlns="http://www.w3.org/1999/xhtml" class="shortdesc">Codec options for the dsbulk command</p>
</shortdesc><topicmeta><navtitle class="- topic/navtitle ">Codec options</navtitle><?ditaot gentext?><linktext class="- map/linktext ">Codec options</linktext><?ditaot genshortdesc?><shortdesc class="- map/shortdesc ">Codec options for the dsbulk command</shortdesc></topicmeta></topic><topic href="dsbulk/reference/driverOptions.html" wh-toc-id="tocId-d41e134"><title>Driver options</title><shortdesc><p xmlns="http://www.w3.org/1999/xhtml" class="shortdesc">Driver options for the dsbulk command</p>
</shortdesc><topicmeta><navtitle class="- topic/navtitle ">Driver options</navtitle><?ditaot gentext?><linktext class="- map/linktext ">Driver options</linktext><?ditaot genshortdesc?><shortdesc class="- map/shortdesc ">Driver options for the dsbulk command</shortdesc></topicmeta></topic><topic href="dsbulk/reference/securityOptions.html" wh-toc-id="tocId-d41e144"><title>Security options</title><shortdesc><p xmlns="http://www.w3.org/1999/xhtml" class="shortdesc">Security options for the dsbulk command</p>
</shortdesc><topicmeta><navtitle class="- topic/navtitle ">Security options</navtitle><?ditaot gentext?><linktext class="- map/linktext ">Security options</linktext><?ditaot genshortdesc?><shortdesc class="- map/shortdesc ">Security options for the dsbulk command</shortdesc></topicmeta></topic><topic href="dsbulk/reference/engineOptions.html" wh-toc-id="tocId-d41e154"><title>Engine options</title><shortdesc><p xmlns="http://www.w3.org/1999/xhtml" class="shortdesc">Engine options for the dsbulk command</p>
</shortdesc><topicmeta><navtitle class="- topic/navtitle ">Engine options</navtitle><?ditaot gentext?><linktext class="- map/linktext ">Engine options</linktext><?ditaot genshortdesc?><shortdesc class="- map/shortdesc ">Engine options for the dsbulk command</shortdesc></topicmeta></topic><topic href="dsbulk/reference/executorOptions.html" wh-toc-id="tocId-d41e164"><title>Executor options</title><shortdesc><p xmlns="http://www.w3.org/1999/xhtml" class="shortdesc">Executor options for the dsbulk command</p>
</shortdesc><topicmeta><navtitle class="- topic/navtitle ">Executor options</navtitle><?ditaot gentext?><linktext class="- map/linktext ">Executor options</linktext><?ditaot genshortdesc?><shortdesc class="- map/shortdesc ">Executor options for the dsbulk command</shortdesc></topicmeta></topic><topic href="dsbulk/reference/loggingOptions.html" wh-toc-id="tocId-d41e175"><title>Logging options</title><shortdesc><p xmlns="http://www.w3.org/1999/xhtml" class="shortdesc">Logging and error options for the dsbulk command</p>
</shortdesc><topicmeta><navtitle class="- topic/navtitle ">Logging options</navtitle><?ditaot gentext?><linktext class="- map/linktext ">Logging options</linktext><?ditaot genshortdesc?><shortdesc class="- map/shortdesc ">Logging and error options for the dsbulk command</shortdesc></topicmeta></topic><topic href="dsbulk/reference/monitorOptions.html" wh-toc-id="tocId-d41e185"><title>Monitoring options</title><shortdesc><p xmlns="http://www.w3.org/1999/xhtml" class="shortdesc">Monitoring options for the dsbulk command</p>
</shortdesc><topicmeta><navtitle class="- topic/navtitle ">Monitoring options</navtitle><?ditaot gentext?><linktext class="- map/linktext ">Monitoring options</linktext><?ditaot genshortdesc?><shortdesc class="- map/shortdesc ">Monitoring options for the dsbulk command</shortdesc></topicmeta></topic></topic></toc>